ID_театра;Название;venue_space_short_name_address;id;venue_space_short_name;Округ;Район;MapsLink;ЖАНР;Ближайшая станция метро;Удаленность от метро в минутах;наличие кафе при театре;наличие буфета при театре;наличие сувенирного магазина при театре;;;
7701046341;"""Московский театр ""Современник""";г. Москва, Чистопрудный бульвар, д.17, стр.1;106;Другая сцена;ЦАО;Басманный;https://yandex.ru/maps/-/CLEluQ5O;Драма;Чистые пруды;10;Нет;Да;Да;;;
7701046341;"""Московский театр ""Современник""";г. Москва, Чистопрудный бульвар, д.19, стр.1;117;Основная сцена;ЦАО;Басманный;https://yandex.ru/maps/-/CLEluY9Y;Драма;Чистые пруды;10;Нет;Да;Да;;;
7707086767;"ГБУК ""МГАТО""";г. Москва, ул. Кузнецкий мост д 4/3 стр.1;7;Дополнительная сцена;ЦАО;Тверской;https://yandex.ru/maps/-/CLEluB68;Мюзикл;Театральная;5;Нет;Да;Нет;;;
7707086767;"ГБУК ""МГАТО""";г. Москва, ул. Большая Дмитровка, д. 6;30;Основной зал;ЦАО;Тверской;https://yandex.ru/profile/-/CLEluJ3R;Мюзикл;Театральная;5;Нет;Да;Нет;;;
7710143327;"ГБУК ""МДТ им. М.Н. Ермоловой""";г. Москва, ул. Тверская, 5/6;63;Новая сцена;ЦАО;Тверской;https://yandex.ru/maps/-/CLElu6Y-;Драма;Охотный ряд;1;Да;Да;Да;;;
7710143327;"ГБУК ""МДТ им. М.Н. Ермоловой""";г. Москва, ул. Тверская, 5/6;64;Основная сцена;ЦАО;Тверской;https://yandex.ru/maps/-/CLElu6Y-;Драма;Охотный ряд;1;Да;Да;Да;;;
7703014835;"ГБУК ""Московский театр ""На досках""";г. Москва, ул. Садовая-Кудринская, д. 22/21, стр. 1-2;33;Основная сцена;ЦАО;Тверской;https://yandex.ru/profile/-/CLEluSy3;Драма;Баррикадная;10;Нет;Нет;Нет;;;
7701020760;"ГБУК ""МТК ""Жар-птица""";г. Москва, ул. Стромынка, д. 3;11;Основная сцена;ВАО;Сокольники;https://yandex.ru/profile/-/CLElu0mZ;Детский кукольный;Сокольники;3;Нет;Да;Нет;;;
7710042865;"ГБУК г. Москвы ""Детский театр эстрады""";г. Москва, Бауманская ул., д. 32 стр. 1;110;Зрительный зал;ЦАО;Басманный;https://yandex.ru/maps/-/CLEluHYt;Эстрада;Бауманская;3;Нет;Да;Нет;;;
7707120908;"ГБУК г. Москвы ""ДМТЮА""";г. Москва, ул. Макаренко, д.4, стр.1;107;Новая сцена на Чистых прудах;ЦАО;Басманный;https://yandex.ru/maps/-/CLEluPLb;Детский, мюзикл;Чистые пруды;15;Нет;Да;Нет;;;
7707120908;"ГБУК г. Москвы ""ДМТЮА""";г. Москва, ул. Земляной Вал, д.64/17;103;"Сцена ""Театр русской драмы""";ЦАО;Таганский;https://yandex.ru/maps/-/CLElyE5O;Детский, мюзикл;Таганская;7;Нет;Да;Нет;;;
7707120908;"ГБУК г. Москвы ""ДМТЮА""";г. Москва, ул. Макаренко, д.2/21, стр.2;105;"Сцена ""Экспромт""";ЦАО;Басманный;https://yandex.ru/maps/-/CLElyQN7;Детский, мюзикл;Курская;15;Нет;Да;Нет;;;
7707120908;"ГБУК г. Москвы ""ДМТЮА""";г. Москва, ул. Малая Дмитровка, д.8, стр.4;104;Сцена на Малой Дмитровке;ЦАО;Тверской;https://yandex.ru/maps/-/CLElyYKA;Детский, мюзикл;Тверская;5;Нет;Да;Нет;;;
7710081367;"ГБУК г. Москвы ""МАМТ""";г. Москва, ул. Большая Дмитровка, д. 17;6;Атриум;ЦАО;Тверской;https://yandex.ru/maps/-/CLElFBlp;Мюзикл;Чеховская;5;Нет;Да;Да;;;
7710081367;"ГБУК г. Москвы ""МАМТ""";г. Москва, ул. Большая Дмитровка, д. 17;95;Малая сцена;ЦАО;Тверской;https://yandex.ru/maps/-/CLElFBlp;Мюзикл;Чеховская;5;Нет;Да;Да;;;
7710081367;"ГБУК г. Москвы ""МАМТ""";г. Москва, ул. Большая Дмитровка, д. 17;84;Музыкальная гостиная;ЦАО;Тверской;https://yandex.ru/maps/-/CLElFBlp;Мюзикл;Чеховская;5;Нет;Да;Да;;;
7710081367;"ГБУК г. Москвы ""МАМТ""";г. Москва, ул. Большая Дмитровка, д. 17;150;Основная сцена;ЦАО;Тверской;https://yandex.ru/maps/-/CLElFBlp;Мюзикл;Чеховская;5;Нет;Да;Да;;;
7704060947;"ГБУК г. Москвы ""Мастерская ""12"" Никиты Михалкова""";г. Москва, ул. Академика Пилюгина, дом 2;50;УТК ГИТИС (аренда);ЮЗАО;Ломоносовский;https://yandex.ru/maps/-/CLElFH21;Мюзикл, драма;Баррикадная;9;Да;Да;Да;;;
7714039052;"ГБУК г. Москвы ""МГАТ ""Русская песня""";г. Москва, ул. Садовая-Черногрязская, д. 5/9, стр. 2;135;Зрительный зал;ЦАО;Басманный;https://yandex.ru/maps/-/CLElZSLS;Драма, Мюзикл, детский;Красные ворота;7;Нет;Да;Нет;;;
7714039052;"ГБУК г. Москвы ""МГАТ ""Русская песня""";г. Москва, Олимпийский пр-т, д. 14;136;Зрительный зал;ЦАО;Мещанский;https://yandex.ru/maps/-/CLEl621e;Драма, Мюзикл, детский;Достоевская;15;Нет;Да;Нет;;;
7716149741;"ГБУК г. Москвы ""МГИЭТ""";г. Москва, ул. Рудневой, д. 3;38;Основная сцена;СВАО;Бабушкинский;https://yandex.ru/maps/-/CLElbOj2;Драма;Бабушкинская;20;Нет;Нет;Нет;;;
7709264045;"ГБУК г. Москвы ""МД ""Сказочный театр""";г. Москва, Б.Факельный пер., д.18 стр.2;141;Основная сцена;ЦАО;Таганский;https://yandex.ru/maps/-/CLElfKIg;Детский кукольный;Марксистская;10;Нет;Да;Нет;;;
7701127897;"ГБУК г. Москвы ""МДТ ""Модернъ""";г. Москва, Спартаковская пл. 9/1;65;Зал Владимира Зельдина (сцена № 2);ЦАО;Басманный;https://yandex.ru/maps/-/CLEljA~w;Драма;Бауманская;10;Нет;Да;Нет;;;
7701127897;"ГБУК г. Москвы ""МДТ ""Модернъ""";г. Москва, Спартаковская пл. 9/1;66;Зал Владимира Левашева (сцена № 1);ЦАО;Басманный;https://yandex.ru/maps/-/CLEljA~w;Драма;Бауманская;10;Нет;Да;Нет;;;
7701127897;"ГБУК г. Москвы ""МДТ ""Модернъ""";г. Москва, Спартаковская пл. 9/1;67;Зал Премьер (большой зал);ЦАО;Басманный;https://yandex.ru/maps/-/CLEljA~w;Драма;Бауманская;10;Нет;Да;Нет;;;
7703035553;"ГБУК г. Москвы ""МДТ им. А.С. Пушкина""";г. Москва, Тверской бульвар, д.23, стр. 1;96;Основная сцена;ЦАО;Пресненский;https://yandex.ru/maps/-/CLEluEPY;драма;Тверская;7;Нет;Да;Да;;;
7703035553;"ГБУК г. Москвы ""МДТ им. А.С. Пушкина""";г. Москва, Сытинский пер., д.3/25;94;Филиал театра;ЦАО;Пресненский;https://yandex.ru/maps/-/CHsbAKpn;Драма;Пушкинская;4;Нет;Да;Да;;;
7710009515;"ГБУК г. Москвы ""МДТ им. К.С. Станиславского""";г. Москва, ул. Тверская, дом 23, стр. 3;34;Малая сцена;ЦАО;Тверской;https://yandex.ru/maps/-/CLEljTzA;Драма;Тверская;4;Нет;Да;Нет;;;
7710009515;"ГБУК г. Москвы ""МДТ им. К.С. Станиславского""";г. Москва, ул. Тверская, дом 23, стр. 1;35;Основная сцена;ЦАО;Тверской;https://yandex.ru/maps/-/CLElvHm5;Драма;Тверская;4;Нет;Да;Нет;;;
7709018353;"ГБУК г. Москвы ""МДТ им. Н.В. Гоголя""";г. Москва, ул. Казакова, д. 8;59;Малый зал;ЦАО;Басманный;https://yandex.ru/maps/-/CLEl7Izi;Драма театр;Курская;5;Нет;Да;Нет;;;
7709018353;"ГБУК г. Москвы ""МДТ им. Н.В. Гоголя""";г. Москва, ул. Казакова, д. 8;60;Основной зал;ЦАО;Басманный;https://yandex.ru/maps/-/CLEl7Izi;Драма театр;Курская;5;Нет;Да;Нет;;;
7719013636;"ГБУК г. Москвы ""МДТТ""";г.Москва, Измайловский бульвар, 60/10;147;Основной зал;ВАО;Восточное Измайлово;https://yandex.ru/maps/-/CLEpA4Pf;Детский, театр теней;Первомайская;10;Нет;Да;Да;;;
7719013636;"ГБУК г. Москвы ""МДТТ""";г. Москва, Октябрьская, д. 5;145;"Сцена ""Тень"", Лиликанский театр";СВАО;Марьина роща;https://yandex.ru/maps/-/CLEpEQnb;Детский, театр теней;Достоевская;7;Нет;Да;Да;;;
7719013636;"ГБУК г. Москвы ""МДТТ""";г. Москва, Октябрьская, д. 5;144;"Сцена ""Тень"", Основной зал";СВАО;Марьина роща;https://yandex.ru/maps/-/CLEpEQnb;Детский, театр теней;Достоевская;7;Нет;Да;Да;;;
7719013636;"ГБУК г. Москвы ""МДТТ""";г. Москва, Измайловский бульвар, 60/10;146;Фойе;ВАО;Восточное Измайлово;https://yandex.ru/maps/-/CLEpA4Pf;Детский, театр теней;Первомайская;10;Нет;Да;Да;;;
7703063504;"ГБУК г. Москвы ""ММТ ""Геликон-опера""";г. Москва, ул. Большая Никитская, д. 19/16 стр.1;51;Белоколонный зал княгини Шаховской;ЦАО;Пресненский;https://yandex.ru/maps/-/CLEpINJe;Мюзикл;Арбатская;9;Нет;Да;Да;;;
7703063504;"ГБУК г. Москвы ""ММТ ""Геликон-опера""";г. Москва, ул. Большая Никитская, д. 19/16 стр.1;41;"Зал ""Покровский""";ЦАО;Пресненский;https://yandex.ru/maps/-/CLEpINJe;Мюзикл;Арбатская;9;Нет;Да;Да;;;
7703063504;"ГБУК г. Москвы ""ММТ ""Геликон-опера""";г. Москва, ул. Большая Никитская, д. 19/16 стр.1;62;"Зал ""Стравинский""";ЦАО;Пресненский;https://yandex.ru/maps/-/CLEpINJe;Мюзикл;Арбатская;9;Нет;Да;Да;;;
7715049230;"ГБУК г. Москвы ""ММЭТ п/р В.Спесивцева""";г. Москва, ул. Руставели, д. 19;75;Основной зал;СВАО;Бутырский;https://yandex.ru/maps/-/CLEpMM6V;Драма;Бутырская;3;Нет;Нет;Нет;;;
7703025812;"ГБУК г. Москвы ""Московский академический театр им. Вл. Маяковского""";г. Москва, ул. Большая Никитская, д. 19/13, стр.1;98;Малая сцена;ЦАО;Пресненский;https://yandex.ru/maps/-/CLEpMG94;Драма ;Арбатская;10;Да;Да;Да;;;
7703025812;"ГБУК г. Москвы ""Московский академический театр им. Вл. Маяковского""";г. Москва, ул. Большая Никитская, д. 19/13, стр.1;99;Основная сцена;ЦАО;Пресненский;https://yandex.ru/maps/-/CLEpMG94;Драма ;Арбатская;10;Да;Да;Да;;;
7703025812;"ГБУК г. Москвы ""Московский академический театр им. Вл. Маяковского""";г. Москва, ул. Большая Никитская, д. 19/13, стр.1;5;Сцена Маяк;ЦАО;Пресненский;https://yandex.ru/maps/-/CLEpMG94;Драма ;Арбатская;10;Да;Да;Да;;;
7703025812;"ГБУК г. Москвы ""Московский академический театр им. Вл. Маяковского""";г. Москва, Пушкарев пер., д. 21/24;97;Сцена на Сретенке;ЦАО;Мещанский;https://yandex.ru/maps/-/CLEpQK4m;Драма ;Сухаревская;6;Да;Да;Да;;;
7710002492;"ГБУК г. Москвы ""Московский академический театр сатиры""";г. Москва, ул. Кооперативная, д. 4, стр. 15.;127;Детская сцена;ЦАО;Хамовники;https://yandex.ru/maps/-/CLEpUP~s;Драма;Павелецкая;10;Нет;Да;Нет;;;
7710002492;"ГБУК г. Москвы ""Московский академический театр сатиры""";г. Москва, Триумфальная пл., д. 2, стр. 1;19;Основная сцена;ЦАО;Тверской;https://yandex.ru/maps/-/CLEpYM6I;Драма;Маяковская;1;Нет;Да;Нет;;;
7710002492;"ГБУК г. Москвы ""Московский академический театр сатиры""";г. Москва, Ломоносовский пр-т, д. 17;138;Прогресс сцена;ЮЗАО;Гагаринский;https://yandex.ru/maps/-/CLEpY85q;Драма;Университет;7;Нет;Да;Нет;;;
7710002492;"ГБУК г. Москвы ""Московский академический театр сатиры""";г. Москва, Триумфальная пл., д. 2, стр. 1;149;Чердак сатиры;ЦАО;Тверской;https://yandex.ru/maps/-/CLEpYM6I;Драма;Маяковская;1;Нет;Да;Нет;;;
7707062124;"ГБУК г. Москвы ""Московский государственный театр ""Ленком Марка Захарова""";г. Москва, ул. Малая Дмитровка, д. 6;100;Основной зал;ЦАО;Тверской;https://yandex.ru/maps/-/CLEp40jt;Драма театр;Тверская;5;Да;Да;Нет;;;
7721032971;"ГБУК г. Москвы ""Московский детский музыкально-драматический театр""";г. Москва, ул. Радио, дом 2, стр 2.;124;Драматическая сцена на ул. Радио;ЦАО;Басманный;https://yandex.ru/maps/-/CLEpaY8l;Детский, Мюзикл, Драма ;Курская;20;Нет;Да;Нет;;;
7721032971;"ГБУК г. Москвы ""Московский детский музыкально-драматический театр""";г. Москва, ул. 1-я Новокузьминская , д. 1.;125;Малая сцена на 1-й Новокузьминской;ЮВАО;Рязанский;https://yandex.ru/maps/-/CLEpaXzr;Детский, Мюзикл, Драма ;Окская ;3;Нет;Да;Нет;;;
7721032971;"ГБУК г. Москвы ""Московский детский музыкально-драматический театр""";г. Москва, ул. 1-я Новокузьминская , д. 1.;126;Основная сцена на 1-й Новокузьминской;ЮВАО;Рязанский;https://yandex.ru/maps/-/CLEpaXzr;Детский, Мюзикл, Драма ;Окская ;3;Нет;Да;Нет;;;
7703127934;"ГБУК г. Москвы ""Московский драматический театр ""Человек""";г. Москва, Скатертный пер. д. 23 стр. 3;22;Основная сцена;ЦАО;Пресненский;https://yandex.ru/maps/-/CLEpeHPp;Драма;Арбатская;15;Нет;Нет;Нет;;;
7707098113;"ГБУК г. Москвы ""Московский театр ""ЕТС""";г. Москва, Фролов переулок, 2;70;Большой зал;ЦАО;Красносельский;https://yandex.ru/maps/-/CLEpiUNY;Драма;Тургеневская;1;Да;Да;Да;;;
7707098113;"ГБУК г. Москвы ""Московский театр ""ЕТС""";г. Москва, Фролов переулок, 2;69;Малый зал;ЦАО;Красносельский;https://yandex.ru/maps/-/CLEpiUNY;Драма;Тургеневская;1;Да;Да;Да;;;
7707098113;"ГБУК г. Москвы ""Московский театр ""ЕТС""";г. Москва, ул. Мясницкая д. 23;68;Эфросовский зал;ЦАО;Красносельский;https://yandex.ru/maps/-/CLEpiTLN;Драма;Тургеневская;1;Да;Да;Да;;;
7720056169;"ГБУК г. Москвы ""Московский театр иллюзии""";г. Москва, ул. Лазо, д. 3;121;Основная сцена;ВАО;Перово;https://yandex.ru/maps/-/CLEpmZJA;Мюзикл, драма;Перово;10;Нет;Да;Нет;;;
7720056169;"ГБУК г. Москвы ""Московский театр иллюзии""";г. Москва, ул. Перовская, д. 75;120;Сцена на Перовской;ВАО;Новогиреево;https://yandex.ru/maps/-/CLEpmTK~;Мюзикл, драма;Новогиреево;10;Нет;Да;Нет;;;
7701109200;"ГБУК г. Москвы ""Московский театр кукол""";г. Москва, Спартаковская ул., 26/30;10;Большой зал;ЦАО;Басманный;https://yandex.ru/maps/-/CLEpyG~I;Театр кукол;Бауманская;2;Нет;Да;Нет;;;
7701109200;"ГБУК г. Москвы ""Московский театр кукол""";г. Москва, ул. Бажова, 9;148;Камерная сцена;СВАО;Ростокино;https://yandex.ru/maps/-/CLEpyHNk;Театр кукол;Ростокино;9;Нет;Да;Нет;;;
7701109200;"ГБУК г. Москвы ""Московский театр кукол""";г. Москва, Спартаковская ул., 26/30;9;Малый зал;ЦАО;Басманный;https://yandex.ru/maps/-/CLEpyG~I;Театр кукол;Бауманская;2;Нет;Да;Нет;;;
7701109200;"ГБУК г. Москвы ""Московский театр кукол""";г. Москва, Пестовский пер, д. 2;101;Основной зал;ЦАО;Таганский;https://yandex.ru/maps/-/CLEp5BNk;Театр кукол;Таганская;6;Нет;Да;Нет;;;
7709010548;"ГБУК г. Москвы ""Московский театр на Таганке""";"г. Москва, ул. Земляной Вал,
  д. 76/21 стр.1 (Театр на Таганке)";80;Малая сцена;ЦАО;Таганский;https://yandex.ru/maps/-/CLEpFEJ2;Драма;Таганская;2;Да;Да;Нет;;;
7709010548;"ГБУК г. Москвы ""Московский театр на Таганке""";"г. Москва, ул. Земляной Вал,
  д. 76/21 стр.1 (Содружество актер. Таганки)";79;Новая сцена;ЦАО;Таганский;https://yandex.ru/maps/-/CLEpB6ZR;Драма;Таганская;2;Да;Да;Нет;;;
7709010548;"ГБУК г. Москвы ""Московский театр на Таганке""";"г. Москва, ул. Земляной Вал,
  д. 76/21 стр.1 (Театр на Таганке)";81;Основная сцена;ЦАО;Таганский;https://yandex.ru/maps/-/CLEpB6ZR;Драма;Таганская;2;Да;Да;Нет;;;
7709010548;"ГБУК г. Москвы ""Московский театр на Таганке""";г. Москва, ул. Александра Солженицына д. 17 стр. 5 (Апарте - основная сцена) а также филиал на 33 места;78;Сцена на Факельном;ЦАО;Таганский;https://yandex.ru/maps/-/CLEpFXKt;Драма;Марксистская;10;Да;Да;Нет;;;
7709010548;"ГБУК г. Москвы ""Московский театр на Таганке""";г. Москва, ул. Александра Солженицына д. 17 стр. 5 (Апарте - основная сцена), также филиал на 33 места;8;Филиал;ЦАО;Таганский;https://yandex.ru/maps/-/CLEpFXKt;Драма;Марксистская;10;Да;Да;Нет;;;
7703068710;"ГБУК г. Москвы ""Московский театр ОКОЛО""";г. Москва, Вознесенский переулок, д.9, стр.6;31;Малая сцена;ЦАО;Пресненский;https://yandex.ru/maps/-/CLEpNL~a;Драма;Охотный ряд;12;Нет;Да;Нет;;;
7703068710;"ГБУК г. Москвы ""Московский театр ОКОЛО""";г. Москва, Вознесенский переулок, д.9, стр.3;32;Новая сцена;ЦАО;Пресненский;https://yandex.ru/maps/-/CLEpNL~a;Драма;Охотный ряд;12;Нет;Да;Нет;;;
7706089941;"ГБУК г. Москвы ""Московский театр Эстрады""";г. Москва, Берсеневская наб., д. 20/2;102;Большой зал;ЦАО;Якиманка;https://yandex.ru/maps/-/CLEpRHMl;Драма;Боровицкая;9;Нет;Да;Нет;;;
7703093185;"ГБУК г. Москвы ""МТ ""У Никитских ворот""";г. Москва, ул. Большая Никитская, д.23/14/9;49;Новая сцена;ЦАО;Пресненский;https://yandex.ru/maps/-/CLEpVO0A;Драма ;Арбатская;8;Нет;Да;Нет;;;
7703093185;"ГБУК г. Москвы ""МТ ""У Никитских ворот""";г. Москва, ул. Большая Никитская, д.23/14/9;48;Старая сцена;ЦАО;Пресненский;https://yandex.ru/maps/-/CLEpVO0A;Драма ;Арбатская;8;Нет;Да;Нет;;;
7704132084;"ГБУК г. Москвы ""МТЦ ""Вишневый сад"" п/р А. Вилькина""";г. Москва Малая Сухаревская площадь 10;54;Большой зал;ЦАО;Мещанский;https://yandex.ru/maps/-/CLEpZC5F;Драма театр;Сухаревская;2;Нет;Да;Нет;;;
7704132084;"ГБУК г. Москвы ""МТЦ ""Вишневый сад"" п/р А. Вилькина""";г. Москва Малая Сухаревская площадь 10;53;Малый зал;ЦАО;Мещанский;https://yandex.ru/maps/-/CLEpZC5F;Драма театр;Сухаревская;2;Нет;Да;Нет;;;
7710130279;"ГБУК г. Москвы ""МТЮЗ""";г. Москва, Мамоновский пер. д. 8 стр.1;88;Игры во флигеле (малый зал);ЦАО;Тверской;https://yandex.ru/maps/-/CLEp6ANK;Драма, детский, Мюзикл ;Пушкинская ;5;Нет;Да;Нет;;;
7710130279;"ГБУК г. Москвы ""МТЮЗ""";г. Москва, ул. Прохладная д. 28;87;Основная сцена;ЮАО;Бирюлево Восточное;https://yandex.ru/maps/-/CLEp6D71;Драма, детский, Мюзикл ;Царицыно;7;Нет;Да;Нет;;;
7710130279;"ГБУК г. Москвы ""МТЮЗ""";г. Москва, Мамоновский пер. д. 10 стр.1;89;Основная сцена;ЦАО;Тверской;https://yandex.ru/maps/-/CLEpbSY1;Драма, детский, Мюзикл ;Пушкинская ;4;Нет;Да;Нет;;;
7716028803;"ГБУК г. Москвы ""Новый драматический театр""";г. Москва, ул. Проходчиков дом 2;40;Основная сцена;СВАО;Ярославский;https://yandex.ru/maps/-/CLEpbT98;Драма;Бабушкинская;67;Нет;Да;Нет;;;
7716028803;"ГБУК г. Москвы ""Новый драматический театр""";г. Москва, ул. Проходчиков дом 2;39;Сцена Мастерская;СВАО;Ярославский;https://yandex.ru/maps/-/CLEpbT98;Драма;Бабушкинская;67;Нет;Да;Нет;;;
7702069567;"ГБУК г. Москвы ""РДТ ""ГЛАС""";г. Москва. Ул. Большая Татарская, дом 29;21;Основная сцена;ЦАО;Замоскворечье;https://yandex.ru/maps/-/CLEpfG~z;Драма;Новокузнецкая;7;Нет;Нет;Нет;;;
7710593781;"ГБУК г. Москвы ""Театр ""Практика""";г. Москва, Трехпрудный переулок, д 11/13, стр. 1;111;Малый зал;ЦАО;Пресненский;https://yandex.ru/maps/-/CLEpjU2t;#N/A;Маяковская;7;#N/A;#N/A;#N/A;;;
7710593781;"ГБУК г. Москвы ""Театр ""Практика""";г. Москва, Трехпрудный переулок, д 11/13, стр. 1;112;Основной зал;ЦАО;Пресненский;https://yandex.ru/maps/-/CLEpjU2t;#N/A;Маяковская;7;#N/A;#N/A;#N/A;;;
7702061293;"ГБУК г. Москвы ""Театр ""Уголок дедушки Дурова""";г. Москва, ул. Дурова, д. 4, корп. 2;118;Большая сцена;ЦАО;Мещанский;https://yandex.ru/maps/-/CLEpj0Jr;Детский;Достоевская;8;Нет;Да;Нет;;;
7702061293;"ГБУК г. Москвы ""Театр ""Уголок дедушки Дурова""";г. Москва, ул. Дурова, д. 4, стр. 2;116;Мышиная железная дорога;ЦАО;Мещанский;https://yandex.ru/maps/-/CLEpj0Jr;Детский;Достоевская;8;Нет;Да;Нет;;;
7702061293;"ГБУК г. Москвы ""Театр ""Уголок дедушки Дурова""";г. Москва, ул. Дурова, д. 2, стр. 3;119;Новая сцена;ЦАО;Мещанский;https://yandex.ru/maps/-/CLEpj0Jr;Детский;Достоевская;8;Нет;Да;Нет;;;
7726073570;"ГБУК г. Москвы ""Театр ""Шалом""";г. Москва, ул. Новослободская, д. 23;28;Большой зал;ЦАО;Тверской;https://yandex.ru/maps/-/CLEpr-iW;Драма;Менделеевская;1;Нет;Да;Да;;;
7726073570;"ГБУК г. Москвы ""Театр ""Шалом""";г. Москва, ул. Новослободская, д. 23;3;Зелёное фойе;ЦАО;Тверской;https://yandex.ru/maps/-/CLEpr-iW;Драма;Менделеевская;1;Нет;Да;Да;;;
7726073570;"ГБУК г. Москвы ""Театр ""Шалом""";г. Москва, ул. Новослободская, д. 23;27;Малый зал;ЦАО;Тверской;https://yandex.ru/maps/-/CLEpr-iW;Драма;Менделеевская;1;Нет;Да;Да;;;
7726073570;"ГБУК г. Москвы ""Театр ""Шалом""";г. Москва, Варшавское шоссе, 71, к. 1.;29;Сцена на Варшавке;ЮАО;Нагорный;https://yandex.ru/maps/-/CLEpvTOA;Драма;Варшавская;11;Нет;Да;Да;;;
7730519779;"ГБУК г. Москвы ""Театр кошек Куклачева""";г. Москва, Кутузовский пр-кт, д. 25;115;Основной;ЗАО;Дорогомилово;https://yandex.ru/maps/-/CLEpzNMG;#N/A;Студенческая;9;#N/A;#N/A;#N/A;;;
7701199901;"ГБУК г. Москвы ""Театр марионеток""";г. Москва, ул. Абельмановская, д. 17 А;143;Большой зал (Синий зал);ЦАО;Таганский;https://yandex.ru/maps/-/CLEpzDZa;Детский;Пролетарская;4;Да;Да;Нет;;;
7701199901;"ГБУК г. Москвы ""Театр марионеток""";г. Москва, ул. Абельмановская, д. 17 А;142;Малый зал (Театральное кафе);ЦАО;Таганский;https://yandex.ru/maps/-/CLEpzDZa;Детский;Пролетарская;4;Да;Да;Нет;;;
7703001970;"ГБУК г. Москвы ""Театр на Малой Бронной""";г. Москва, ул.Малая Бронная, 4;18;Большой зал;ЦАО;Пресненский;https://yandex.ru/maps/-/CLEp7Wz3;Драма;Тверская;10;Нет;Да;Нет;;;
7703001970;"ГБУК г. Москвы ""Театр на Малой Бронной""";г. Москва, ул.Малая Бронная, 4;17;Малый зал;ЦАО;Пресненский;https://yandex.ru/maps/-/CLEp7Wz3;Драма;Тверская;10;Нет;Да;Нет;;;
7703001970;"ГБУК г. Москвы ""Театр на Малой Бронной""";г. Москва, ул. Стромынка, д. 6;61;Основной зал;ВАО;Сокольники;https://yandex.ru/maps/-/CLEtIYZC;Драма;Сокольники;7;Нет;Да;Нет;;;
7710018171;"ГБУК г. Москвы ""Театр на Малой Ордынке""";г. Москва ул. Малая Ордынка 31, стр.1;72;Малая сцена;ЦАО;Замоскворечье;https://yandex.ru/maps/-/CLEtICjY;#N/A;Добрынинская;8;#N/A;#N/A;#N/A;;;
7710018171;"ГБУК г. Москвы ""Театр на Малой Ордынке""";г. Москва ул. Малая Ордынка 31, стр.1;74;Основная сцена;ЦАО;Замоскворечье;https://yandex.ru/maps/-/CLEtICjY;#N/A;Добрынинская;8;#N/A;#N/A;#N/A;;;
7710018171;"ГБУК г. Москвы ""Театр на Малой Ордынке""";г. Москва ул. Малая Ордынка 33, стр.1;71;"Сцена ""Маленькая Луна""";ЦАО;Замоскворечье;https://yandex.ru/maps/-/CLEtILIj;#N/A;Добрынинская;8;#N/A;#N/A;#N/A;;;
7701045549;"ГБУК г. Москвы ""Театр на Покровке""";г. Москва, ул. Покровка, д.50/2, стр.1;23;Зрительный зал;ЦАО;Басманный;https://yandex.ru/maps/-/CLEtME5~;Драма;Курская;9;Нет;Да;Нет;;;
7707064139;"ГБУК г. Москвы ""Театр на Трубной""";г. Москва, ул. Неглинная, д. 29, стр. 1;56;"""Белый зал""";ЦАО;Тверской;https://yandex.ru/maps/-/CLEtMKiF;Драма;Трубная ;2;Да;Да;Нет;;;
7707064139;"ГБУК г. Москвы ""Театр на Трубной""";г. Москва, ул. Неглинная, д. 29, стр. 1;57;"""Зимний сад""";ЦАО;Тверской;https://yandex.ru/maps/-/CLEtMKiF;Драма;Трубная ;2;Да;Да;Нет;;;
7707064139;"ГБУК г. Москвы ""Театр на Трубной""";г. Москва, ул. Неглинная, д. 29, стр. 1;55;"""Фойе""";ЦАО;Тверской;https://yandex.ru/maps/-/CLEtMKiF;Драма;Трубная ;2;Да;Да;Нет;;;
7707064139;"ГБУК г. Москвы ""Театр на Трубной""";г. Москва, ул. Неглинная, д. 29, стр. 1;58;"""Эрмитаж""";ЦАО;Тверской;https://yandex.ru/maps/-/CLEtMKiF;Драма;Трубная ;2;Да;Да;Нет;;;
7729217597;"ГБУК г. Москвы ""Театр на Юго-Западе""";г. Москва, пр-т Вернадского, д. 125;36;Арт - кафе;ЗАО;Тропарево-Никулино;https://yandex.ru/maps/-/CLEtQY9P;Драма ;Юго-Западная;9;Да;Да;Да;;;
7729217597;"ГБУК г. Москвы ""Театр на Юго-Западе""";г. Москва, пр-т Вернадского, д. 125;37;Основной зал;ЗАО;Тропарево-Никулино;https://yandex.ru/maps/-/CLEtQY9P;Драма ;Юго-Западная;9;Да;Да;Да;;;
7701117909;"ГБУК г. Москвы ""Театр Олега Табакова""";г. Москва, Малая Сухаревская площадь, 5;77;Сцена на Сухаревской;ЦАО;Мещанский;https://yandex.ru/maps/-/CLQEqKj-;Драма;Сухаревская;1;Нет;Нет;Нет;;;
7701117909;"ГБУК г. Москвы ""Театр Олега Табакова""";г. Москва, ул. Чаплыгина, д. 1А, стр. 1;76;Сцена на Чистых прудах;ЦАО;Басманный;https://yandex.ru/maps/-/CLQEuAnk;Драма;Красные ворота;7;Нет;Нет;Нет;;;
7723316672;"ГБУК г. Москвы ""Театр Стаса Намина""";г. Москва, ул. Крымский вал, дом 9, стр.33;131;Зеленый театр;ЦАО;Якиманка;https://yandex.ru/maps/-/CLQEuVzg;Мюзикл, Драма;Фрунзенская;17;Нет;Да;Нет;;;
7723316672;"ГБУК г. Москвы ""Театр Стаса Намина""";г. Москва, ул. Крымский вал, дом 9, стр.33;132;Театральный зал;ЦАО;Якиманка;https://yandex.ru/maps/-/CLQEuSZ9;Мюзикл, Драма;Фрунзенская;17;Нет;Да;Нет;;;
7725054895;"ГБУК г. Москвы ""Театр Терезы Дуровой""";г. Москва, ул. Павловская, дом 6;140;Большой зал;ЮАО;Даниловский;https://yandex.ru/maps/-/CLQEyNmu;Мюзикл, Драма, Семейный;Серпуховская;11;Да;Да;Да;;;
7725054895;"ГБУК г. Москвы ""Театр Терезы Дуровой""";г. Москва, ул. Павловская, дом 6;139;Малый зал;ЮАО;Даниловский;https://yandex.ru/maps/-/CLQEyNmu;Мюзикл, Драма, Семейный;Серпуховская;11;Да;Да;Да;;;
7725054895;"ГБУК г. Москвы ""Театр Терезы Дуровой""";г. Москва, ул. Павловская, дом 6;137;Театральная гостиная (для показа для самых маленьких зрителей);ЮАО;Даниловский;https://yandex.ru/maps/-/CLQEyNmu;Мюзикл, Драма, Семейный;Серпуховская;11;Да;Да;Да;;;
7707085202;"ГБУК г. Москвы ""Театр Эрмитаж""";г. Москва, Каретный ряд 3, стр.3;24;Камерная сцена (Сфера);ЦАО;Тверской;https://yandex.ru/maps/-/CLQEFZp6;Драма, Мюзикл;Пушкинская ;9;Нет;Да;Нет;;;
7707085202;"ГБУК г. Москвы ""Театр Эрмитаж""";г. Москва, Новый Арбат 11, стр.2;26;Основная сцена;ЦАО;Арбат;https://yandex.ru/maps/-/CLQENCIt;Драма, Мюзикл;Арбатская;7;Нет;Да;Нет;;;
7707085202;"ГБУК г. Москвы ""Театр Эрмитаж""";г. Москва, Каретный ряд 3, стр.3;25;Основная сцена (Сфера);ЦАО;Тверской;https://yandex.ru/maps/-/CLQEFZp6;Драма, Мюзикл;Пушкинская ;9;Нет;Да;Нет;;;
7730116466;"ГБУК г. Москвы ""ФЦ ""Москва""";г. Москва, ул. Барклая, д. 9;134;Большой зал;ЗАО;Филевский парк;https://yandex.ru/maps/-/CLQERLOV;Фольклор;Багратионовская;4;Нет;Да;Нет;;;
7730116466;"ГБУК г. Москвы ""ФЦ ""Москва""";г. Москва, ул. Барклая, д. 9;133;Малый зал;ЗАО;Филевский парк;https://yandex.ru/maps/-/CLQERLOV;Фольклор;Багратионовская;4;Нет;Да;Нет;;;
7722284474;"ГБУК г. Москвы ""Центр драматургии и режиссуры""";г. Москва, ул. Беговая, д. 5;46;Дополнительный, Большой;САО;Беговой;https://yandex.ru/maps/-/CLQEV8i5;Драма;Беговая;7;Да;Да;Нет;;;
7722284474;"ГБУК г. Москвы ""Центр драматургии и режиссуры""";г. Москва, ул. Беговая, д. 5;45;Дополнительный, Малый;САО;Беговой;https://yandex.ru/maps/-/CLQEV8i5;Драма;Беговая;7;Да;Да;Нет;;;
7722284474;"ГБУК г. Москвы ""Центр драматургии и режиссуры""";г. Москва, Ленинградский просп., д. 71, корп. Г;47;Основной;САО;Сокол;https://yandex.ru/maps/-/CLQEZQPE;Драма;Сокол;1;Да;Да;Нет;;;
7722284474;"ГБУК г. Москвы ""Центр драматургии и режиссуры""";г. Москва, ул. Поварская, д. 20;2;Студия 1;ЦАО;Арбат;https://yandex.ru/maps/-/CLQE6Epe;Драма;Арбатская;9;Да;Да;Нет;;;
7722284474;"ГБУК г. Москвы ""Центр драматургии и режиссуры""";г. Москва, ул. Поварская, д. 20;1;Студия 6;ЦАО;Арбат;https://yandex.ru/maps/-/CLQE6Epe;Драма;Арбатская;9;Да;Да;Нет;;;
7704198381;"ГБУК г. Москвы ""Центр исполнительских искусств на Добрынинской""";г. Москва, ул. Коровий Вал, дом 3, стр. 1;114;Большой Зал;ЦАО;Замоскворечье;https://yandex.ru/maps/-/CLQE6NLP;Музыкально-театральный;Добрынинская;2;Да;Да;Нет;;;
7704198381;"ГБУК г. Москвы ""Центр исполнительских искусств на Добрынинской""";г. Москва, ул. Коровий Вал, дом 3, стр. 1;113;Малый Зал;ЦАО;Замоскворечье;https://yandex.ru/maps/-/CLQE6NLP;Музыкально-театральный;Добрынинская;2;Да;Да;Нет;;;
7714035227;"ГБУК г. Москвы ""Цыганский театр ""Ромэн""";г. Москва, Ленинградский проспект, д. 32/2;52;Зрительный зал;САО;Беговой;https://yandex.ru/maps/-/CLQEbELt;Мюзикл, драма, цыганский;Динамо;13;Нет;Да;Нет;;;
7714035227;"ГБУК г. Москвы ""Цыганский театр ""Ромэн""";г. Москва, Ленинградский проспект, д. 32/2;4;Малый зал;САО;Беговой;https://yandex.ru/maps/-/CLQEbELt;Мюзикл, драма, цыганский;Динамо;13;Нет;Да;Нет;;;
7702619852;"ГБУК г. Москвы ""Школа драматического искусства""";г. Москва, ул. Сретенка, 19;42;Глобус зал;ЦАО;Мещанский;https://yandex.ru/maps/-/CLQEbKn3;Драма;Сухаревская;4;Нет;Да;Нет;;;
7702619852;"ГБУК г. Москвы ""Школа драматического искусства""";г. Москва, ул. Сретенка, 19;44;Зал Манеж;ЦАО;Мещанский;https://yandex.ru/maps/-/CLQEbKn3;Драма;Сухаревская;4;Нет;Да;Нет;;;
7702619852;"ГБУК г. Москвы ""Школа драматического искусства""";г. Москва, ул. Сретенка, 19;43;Тау-зал;ЦАО;Мещанский;https://yandex.ru/maps/-/CLQEbKn3;Драма;Сухаревская;4;Нет;Да;Нет;;;
7704224472;"ГБУК г. Москвы ДДТ ""На набережной""";г. Москва, Хамовнический вал, 2;109;Новая сцена;ЦАО;Хамовники;https://yandex.ru/maps/-/CLQEf258;Драма, детский ;Спортивная;15;Нет;Нет;Нет;;;
7704224472;"ГБУК г. Москвы ДДТ ""На набережной""";г. Москва, Фрунзенская наб., 48;108;Родная сцена;ЦАО;Хамовники;https://yandex.ru/maps/-/CLQEjJjM;Драма, детский ;Спортивная;16;Нет;Нет;Нет;;;
7728039292;"ГБУК г. Москвы МДТ ""Бенефис""";г.Москва,ул.Гарибальди,д.23, корп.4;20;Основная сцена;ЮЗАО;Черемушки;https://yandex.ru/maps/-/CLQEjPyc;Драма;Новые Черемушки;3;Нет;Нет;Нет;;;
7735026248;"ГБУК г.Москвы ""Ведогонь-театр""";г. Москва, Зеленоград, ул. Юности, д. 17;16;Большой зал;ЗелАО;Савелки;https://yandex.ru/maps/-/CLQEnO1e;Драма;Ховрино;-;Нет;Да;Нет;;;
7735026248;"ГБУК г.Москвы ""Ведогонь-театр""";г. Москва, Зеленоград, ул. Юности, д. 17;13;Зал №2;ЗелАО;Савелки;https://yandex.ru/maps/-/CLQEnO1e;Драма;Ховрино;-;Нет;Да;Нет;;;
7735026248;"ГБУК г.Москвы ""Ведогонь-театр""";г. Москва, Зеленоград, ул. Юности, д. 17;14;Зал №3;ЗелАО;Савелки;https://yandex.ru/maps/-/CLQEnO1e;Драма;Ховрино;-;Нет;Да;Нет;;;
7735026248;"ГБУК г.Москвы ""Ведогонь-театр""";г. Москва, Зеленоград, ул. Юности, д. 17;15;Малый зал;ЗелАО;Савелки;https://yandex.ru/maps/-/CLQEnO1e;Драма;Ховрино;-;Нет;Да;Нет;;;
7701258410;"ГБУК г.Москвы ""Московский музыкальный театр ""На Басманной""";г. Москва, ул. Новая Басманная 37, стр. 1;123;Зал управы Басманного района;ЦАО;Басманный;https://yandex.ru/maps/-/CLQEr-5f;Мюзикл, детский;Комсомольская;10;Нет;Нет;Нет;;;
7701258410;"ГБУК г.Москвы ""Московский музыкальный театр ""На Басманной""";г. Москва, ул. Новая Басманная, 25/2, стр. 2;122;Малая сцена;ЦАО;Басманный;https://yandex.ru/maps/-/CLQE7Jyy;Мюзикл, детский;Комсомольская;8;Нет;Нет;Нет;;;
7703002886;"ГБУК г.Москвы ""Московский театр ""Мастерская П.Н. Фоменко""";г. Москва, Набережная Т. Шевченко, 29;83;Большой зал;ЗАО;Дорогомилово;https://yandex.ru/maps/-/CLQIACK5;#N/A;Кутузовская;6;#N/A;#N/A;#N/A;;;
7703002886;"ГБУК г.Москвы ""Московский театр ""Мастерская П.Н. Фоменко""";г. Москва, Набережная Т. Шевченко, 29;82;Малый зал;ЗАО;Дорогомилово;https://yandex.ru/maps/-/CLQIACK5;#N/A;Кутузовская;6;#N/A;#N/A;#N/A;;;
7703002886;"ГБУК г.Москвы ""Московский театр ""Мастерская П.Н. Фоменко""";г. Москва, Кутузовский проспект, 30;85;Филиал - Зеленый зал;ЗАО;Дорогомилово;https://yandex.ru/maps/-/CLQIAQkO;#N/A;Кутузовская;5;#N/A;#N/A;#N/A;;;
7703002886;"ГБУК г.Москвы ""Московский театр ""Мастерская П.Н. Фоменко""";г. Москва, Кутузовский проспект, 30;86;Филиал - Серый зал;ЗАО;Дорогомилово;https://yandex.ru/maps/-/CLQIAQkO;#N/A;Кутузовская;5;#N/A;#N/A;#N/A;;;
7708107804;"ГБУК г.Москвы ""МТДК ""Волшебная лампа""";г. Москва, Сущевская ул., д. 25, стр. 5;12;Основная сцена;ЦАО;Тверской;https://yandex.ru/maps/-/CLQIEI7C;Детский, кукольный;Менделеевская;2;Нет;Да;Нет;;;
7710040730;"ГБУК г.Москвы ""Театр им. Моссовета""";г. Москва, Новинский б-р, д.22, стр.1;90;"Новая сцена ""МОСТ""";ЦАО;Арбат;https://yandex.ru/maps/-/CLQII2yj;Драма, Мюзикл;Баррикадная;9;Да;Да;Да;;;
7710040730;"ГБУК г.Москвы ""Театр им. Моссовета""";г. Москва, ул. Б. Садовая, д.16;93;Основная сцена;ЦАО;Пресненский;https://yandex.ru/maps/-/CLQIMLIw;Драма, Мюзикл;Маяковская;3;Да;Да;Да;;;
7710040730;"ГБУК г.Москвы ""Театр им. Моссовета""";г. Москва, ул. Б. Садовая, д.6;91;"Основная сцена ""МОСТ""";ЦАО;Пресненский;https://yandex.ru/maps/-/CLQIQBO3;Драма, Мюзикл;Маяковская;5;Да;Да;Да;;;
7710040730;"ГБУК г.Москвы ""Театр им. Моссовета""";г. Москва, ул. Б. Садовая, д.16;92;"Сцена ""Под крышей""";ЦАО;Пресненский;https://yandex.ru/maps/-/CLQIMLIw;Драма, Мюзикл;Маяковская;3;Да;Да;Да;;;
7702078561;"ГБУК г.Москвы ""Театр Музыки и Поэзии п/р Е.Камбуровой""";г. Москва, ул. Б.Пироговская, д.53;130;Большой зал;ЦАО;Хамовники;https://yandex.ru/maps/-/CLQIUZ0I;Мюзикл;Спортивная;6;Нет;Да;Нет;;;
7702078561;"ГБУК г.Москвы ""Театр Музыки и Поэзии п/р Е.Камбуровой""";г. Москва, ул. Б.Пироговская, д.53;128;Малый зал;ЦАО;Хамовники;https://yandex.ru/maps/-/CLQIUZ0I;Мюзикл;Спортивная;6;Нет;Да;Нет;;;
7702078561;"ГБУК г.Москвы ""Театр Музыки и Поэзии п/р Е.Камбуровой""";г. Москва, ул. Б.Пироговская, д.53;129;Новый зал;ЦАО;Хамовники;https://yandex.ru/maps/-/CLQIUZ0I;Мюзикл;Спортивная;6;Нет;Да;Нет;;;
7704249283;"ГБУК МТ ""Новая Опера"" им. Е.В.Колобова";г. Москва, ул. Каретный Ряд, д. 3, стр. 2, cад Эрмитаж;73;Основная сцена;ЦАО;Тверской;https://yandex.ru/maps/-/CLQIYT-U;Мюзикл;Чеховская;11;Нет;Да;Нет;;;
;;;;;;;;;;;;;;;;
;;;;;;;;;;;;;;;;
;;;;;;;;;;;;;;;;
;;;;;;;;;;;;;;;;
;;;;;;;;;;;;;;;;
;;;;;;;;;;;;;;;;
;;;;;;;;;;;;;;;;
;;;;;;;;;;;;;;;;
;;;;;;;;;;;;;;;;
;;;;;;;;;;;;;;;;
;;;;;;;;;;;;;;;;
;;;;;;;;;;;;;;;;
;;;;;;;;;;;;;;;;
;;;;;;;;;;;;;;;;
;;;;;;;;;;;;;;;;
;;;;;;;;;;;;;;;;
;;;;;;;;;;;;;;;;
;;;;;;;;;;;;;;;;
;;;;;;;;;;;;;;;;
;;;;;;;;;;;;;;;;
;;;;;;;;;;;;;;;;
;;;;;;;;;;;;;;;;
;;;;;;;;;;;;;;;;
;;;;;;;;;;;;;;;;
;;;;;;;;;;;;;;;;
;;;;;;;;;;;;;;;;
;;;;;;;;;;;;;;;;
;;;;;;;;;;;;;;;;
;;;;;;;;;;;;;;;;
;;;;;;;;;;;;;;;;
;;;;;;;;;;;;;;;;
;;;;;;;;;;;;;;;;
;;;;;;;;;;;;;;;;
;;;;;;;;;;;;;;;;
;;;;;;;;;;;;;;;;
;;;;;;;;;;;;;;;;
;;;;;;;;;;;;;;;;
;;;;;;;;;;;;;;;;
;;;;;;;;;;;;;;;;
;;;;;;;;;;;;;;;;
;;;;;;;;;;;;;;;;
;;;;;;;;;;;;;;;;
;;;;;;;;;;;;;;;;
;;;;;;;;;;;;;;;;
;;;;;;;;;;;;;;;;
;;;;;;;;;;;;;;;;
;;;;;;;;;;;;;;;;
;;;;;;;;;;;;;;;;
;;;;;;;;;;;;;;;;
;;;;;;;;;;;;;;;;
;;;;;;;;;;;;;;;;
;;;;;;;;;;;;;;;;
;;;;;;;;;;;;;;;;
;;;;;;;;;;;;;;;;
;;;;;;;;;;;;;;;;
;;;;;;;;;;;;;;;;
;;;;;;;;;;;;;;;;
;;;;;;;;;;;;;;;;
;;;;;;;;;;;;;;;;
;;;;;;;;;;;;;;;;
;;;;;;;;;;;;;;;;
;;;;;;;;;;;;;;;;
;;;;;;;;;;;;;;;;
;;;;;;;;;;;;;;;;
;;;;;;;;;;;;;;;;
;;;;;;;;;;;;;;;;
;;;;;;;;;;;;;;;;
;;;;;;;;;;;;;;;;
;;;;;;;;;;;;;;;;
;;;;;;;;;;;;;;;;
;;;;;;;;;;;;;;;;
;;;;;;;;;;;;;;;;
;;;;;;;;;;;;;;;;
;;;;;;;;;;;;;;;;
;;;;;;;;;;;;;;;;
;;;;;;;;;;;;;;;;
;;;;;;;;;;;;;;;;
;;;;;;;;;;;;;;;;
;;;;;;;;;;;;;;;;
;;;;;;;;;;;;;;;;
;;;;;;;;;;;;;;;;
;;;;;;;;;;;;;;;;
;;;;;;;;;;;;;;;;
;;;;;;;;;;;;;;;;
;;;;;;;;;;;;;;;;
;;;;;;;;;;;;;;;;
;;;;;;;;;;;;;;;;
;;;;;;;;;;;;;;;;
;;;;;;;;;;;;;;;;
;;;;;;;;;;;;;;;;
;;;;;;;;;;;;;;;;
;;;;;;;;;;;;;;;;
;;;;;;;;;;;;;;;;
;;;;;;;;;;;;;;;;
;;;;;;;;;;;;;;;;
;;;;;;;;;;;;;;;;
;;;;;;;;;;;;;;;;
;;;;;;;;;;;;;;;;
;;;;;;;;;;;;;;;;
;;;;;;;;;;;;;;;;
;;;;;;;;;;;;;;;;
;;;;;;;;;;;;;;;;
;;;;;;;;;;;;;;;;
;;;;;;;;;;;;;;;;
;;;;;;;;;;;;;;;;
;;;;;;;;;;;;;;;;
;;;;;;;;;;;;;;;;
;;;;;;;;;;;;;;;;
;;;;;;;;;;;;;;;;
;;;;;;;;;;;;;;;;
;;;;;;;;;;;;;;;;
;;;;;;;;;;;;;;;;
;;;;;;;;;;;;;;;;
;;;;;;;;;;;;;;;;
;;;;;;;;;;;;;;;;
;;;;;;;;;;;;;;;;
;;;;;;;;;;;;;;;;
;;;;;;;;;;;;;;;;
;;;;;;;;;;;;;;;;
;;;;;;;;;;;;;;;;
;;;;;;;;;;;;;;;;
;;;;;;;;;;;;;;;;
;;;;;;;;;;;;;;;;
;;;;;;;;;;;;;;;;
;;;;;;;;;;;;;;;;
;;;;;;;;;;;;;;;;
;;;;;;;;;;;;;;;;
;;;;;;;;;;;;;;;;
;;;;;;;;;;;;;;;;
;;;;;;;;;;;;;;;;
;;;;;;;;;;;;;;;;
;;;;;;;;;;;;;;;;
;;;;;;;;;;;;;;;;
;;;;;;;;;;;;;;;;
;;;;;;;;;;;;;;;;
;;;;;;;;;;;;;;;;
;;;;;;;;;;;;;;;;
;;;;;;;;;;;;;;;;
;;;;;;;;;;;;;;;;
;;;;;;;;;;;;;;;;
;;;;;;;;;;;;;;;;
;;;;;;;;;;;;;;;;
;;;;;;;;;;;;;;;;
;;;;;;;;;;;;;;;;
;;;;;;;;;;;;;;;;
;;;;;;;;;;;;;;;;
;;;;;;;;;;;;;;;;
;;;;;;;;;;;;;;;;
;;;;;;;;;;;;;;;;
;;;;;;;;;;;;;;;;
;;;;;;;;;;;;;;;;
;;;;;;;;;;;;;;;;
;;;;;;;;;;;;;;;;
;;;;;;;;;;;;;;;;
;;;;;;;;;;;;;;;;
;;;;;;;;;;;;;;;;
;;;;;;;;;;;;;;;;
;;;;;;;;;;;;;;;;
;;;;;;;;;;;;;;;;
;;;;;;;;;;;;;;;;
;;;;;;;;;;;;;;;;
;;;;;;;;;;;;;;;;
;;;;;;;;;;;;;;;;
;;;;;;;;;;;;;;;;
;;;;;;;;;;;;;;;;
;;;;;;;;;;;;;;;;
;;;;;;;;;;;;;;;;
;;;;;;;;;;;;;;;;
;;;;;;;;;;;;;;;;
;;;;;;;;;;;;;;;;
;;;;;;;;;;;;;;;;
;;;;;;;;;;;;;;;;
;;;;;;;;;;;;;;;;
;;;;;;;;;;;;;;;;
;;;;;;;;;;;;;;;;
;;;;;;;;;;;;;;;;
;;;;;;;;;;;;;;;;
;;;;;;;;;;;;;;;;
;;;;;;;;;;;;;;;;
;;;;;;;;;;;;;;;;
;;;;;;;;;;;;;;;;
;;;;;;;;;;;;;;;;
;;;;;;;;;;;;;;;;
;;;;;;;;;;;;;;;;
;;;;;;;;;;;;;;;;
;;;;;;;;;;;;;;;;
;;;;;;;;;;;;;;;;
;;;;;;;;;;;;;;;;
;;;;;;;;;;;;;;;;
;;;;;;;;;;;;;;;;
;;;;;;;;;;;;;;;;
;;;;;;;;;;;;;;;;
;;;;;;;;;;;;;;;;
;;;;;;;;;;;;;;;;
;;;;;;;;;;;;;;;;
;;;;;;;;;;;;;;;;
;;;;;;;;;;;;;;;;
;;;;;;;;;;;;;;;;
;;;;;;;;;;;;;;;;
;;;;;;;;;;;;;;;;
;;;;;;;;;;;;;;;;
;;;;;;;;;;;;;;;;
;;;;;;;;;;;;;;;;
;;;;;;;;;;;;;;;;
;;;;;;;;;;;;;;;;
;;;;;;;;;;;;;;;;
;;;;;;;;;;;;;;;;
;;;;;;;;;;;;;;;;
;;;;;;;;;;;;;;;;
;;;;;;;;;;;;;;;;
;;;;;;;;;;;;;;;;
;;;;;;;;;;;;;;;;
;;;;;;;;;;;;;;;;
;;;;;;;;;;;;;;;;
;;;;;;;;;;;;;;;;
;;;;;;;;;;;;;;;;
;;;;;;;;;;;;;;;;
;;;;;;;;;;;;;;;;
;;;;;;;;;;;;;;;;
;;;;;;;;;;;;;;;;
;;;;;;;;;;;;;;;;
;;;;;;;;;;;;;;;;
;;;;;;;;;;;;;;;;
;;;;;;;;;;;;;;;;
;;;;;;;;;;;;;;;;
;;;;;;;;;;;;;;;;
;;;;;;;;;;;;;;;;
;;;;;;;;;;;;;;;;
;;;;;;;;;;;;;;;;
;;;;;;;;;;;;;;;;
;;;;;;;;;;;;;;;;
;;;;;;;;;;;;;;;;
;;;;;;;;;;;;;;;;
;;;;;;;;;;;;;;;;
;;;;;;;;;;;;;;;;
;;;;;;;;;;;;;;;;
;;;;;;;;;;;;;;;;
;;;;;;;;;;;;;;;;
;;;;;;;;;;;;;;;;
;;;;;;;;;;;;;;;;
;;;;;;;;;;;;;;;;
;;;;;;;;;;;;;;;;
;;;;;;;;;;;;;;;;
;;;;;;;;;;;;;;;;
;;;;;;;;;;;;;;;;
;;;;;;;;;;;;;;;;
;;;;;;;;;;;;;;;;
;;;;;;;;;;;;;;;;
;;;;;;;;;;;;;;;;
;;;;;;;;;;;;;;;;
;;;;;;;;;;;;;;;;
;;;;;;;;;;;;;;;;
;;;;;;;;;;;;;;;;
;;;;;;;;;;;;;;;;
;;;;;;;;;;;;;;;;
;;;;;;;;;;;;;;;;
;;;;;;;;;;;;;;;;
;;;;;;;;;;;;;;;;
;;;;;;;;;;;;;;;;
;;;;;;;;;;;;;;;;
;;;;;;;;;;;;;;;;
;;;;;;;;;;;;;;;;
;;;;;;;;;;;;;;;;
;;;;;;;;;;;;;;;;
;;;;;;;;;;;;;;;;
;;;;;;;;;;;;;;;;
;;;;;;;;;;;;;;;;
;;;;;;;;;;;;;;;;
;;;;;;;;;;;;;;;;
;;;;;;;;;;;;;;;;
;;;;;;;;;;;;;;;;
;;;;;;;;;;;;;;;;
;;;;;;;;;;;;;;;;
;;;;;;;;;;;;;;;;
;;;;;;;;;;;;;;;;
;;;;;;;;;;;;;;;;
;;;;;;;;;;;;;;;;
;;;;;;;;;;;;;;;;
;;;;;;;;;;;;;;;;
;;;;;;;;;;;;;;;;
;;;;;;;;;;;;;;;;
;;;;;;;;;;;;;;;;
;;;;;;;;;;;;;;;;
;;;;;;;;;;;;;;;;
;;;;;;;;;;;;;;;;
;;;;;;;;;;;;;;;;
;;;;;;;;;;;;;;;;
;;;;;;;;;;;;;;;;
;;;;;;;;;;;;;;;;
;;;;;;;;;;;;;;;;
;;;;;;;;;;;;;;;;
;;;;;;;;;;;;;;;;
;;;;;;;;;;;;;;;;
;;;;;;;;;;;;;;;;
;;;;;;;;;;;;;;;;
;;;;;;;;;;;;;;;;
;;;;;;;;;;;;;;;;
;;;;;;;;;;;;;;;;
;;;;;;;;;;;;;;;;
;;;;;;;;;;;;;;;;
;;;;;;;;;;;;;;;;
;;;;;;;;;;;;;;;;
;;;;;;;;;;;;;;;;
;;;;;;;;;;;;;;;;
;;;;;;;;;;;;;;;;
;;;;;;;;;;;;;;;;
;;;;;;;;;;;;;;;;
;;;;;;;;;;;;;;;;
;;;;;;;;;;;;;;;;
;;;;;;;;;;;;;;;;
;;;;;;;;;;;;;;;;
;;;;;;;;;;;;;;;;
;;;;;;;;;;;;;;;;
;;;;;;;;;;;;;;;;
;;;;;;;;;;;;;;;;
;;;;;;;;;;;;;;;;
;;;;;;;;;;;;;;;;
;;;;;;;;;;;;;;;;
;;;;;;;;;;;;;;;;
;;;;;;;;;;;;;;;;
;;;;;;;;;;;;;;;;
;;;;;;;;;;;;;;;;
;;;;;;;;;;;;;;;;
;;;;;;;;;;;;;;;;
;;;;;;;;;;;;;;;;
;;;;;;;;;;;;;;;;
;;;;;;;;;;;;;;;;
;;;;;;;;;;;;;;;;
;;;;;;;;;;;;;;;;
;;;;;;;;;;;;;;;;
;;;;;;;;;;;;;;;;
;;;;;;;;;;;;;;;;
;;;;;;;;;;;;;;;;
;;;;;;;;;;;;;;;;
;;;;;;;;;;;;;;;;
;;;;;;;;;;;;;;;;
;;;;;;;;;;;;;;;;
;;;;;;;;;;;;;;;;
;;;;;;;;;;;;;;;;
;;;;;;;;;;;;;;;;
;;;;;;;;;;;;;;;;
;;;;;;;;;;;;;;;;
;;;;;;;;;;;;;;;;
;;;;;;;;;;;;;;;;
;;;;;;;;;;;;;;;;
;;;;;;;;;;;;;;;;
;;;;;;;;;;;;;;;;
;;;;;;;;;;;;;;;;
;;;;;;;;;;;;;;;;
;;;;;;;;;;;;;;;;
;;;;;;;;;;;;;;;;
;;;;;;;;;;;;;;;;
;;;;;;;;;;;;;;;;
;;;;;;;;;;;;;;;;
;;;;;;;;;;;;;;;;
;;;;;;;;;;;;;;;;
;;;;;;;;;;;;;;;;
;;;;;;;;;;;;;;;;
;;;;;;;;;;;;;;;;
;;;;;;;;;;;;;;;;
;;;;;;;;;;;;;;;;
;;;;;;;;;;;;;;;;
;;;;;;;;;;;;;;;;
;;;;;;;;;;;;;;;;
;;;;;;;;;;;;;;;;
;;;;;;;;;;;;;;;;
;;;;;;;;;;;;;;;;
;;;;;;;;;;;;;;;;
;;;;;;;;;;;;;;;;
;;;;;;;;;;;;;;;;
;;;;;;;;;;;;;;;;
;;;;;;;;;;;;;;;;
;;;;;;;;;;;;;;;;
;;;;;;;;;;;;;;;;
;;;;;;;;;;;;;;;;
;;;;;;;;;;;;;;;;
;;;;;;;;;;;;;;;;
;;;;;;;;;;;;;;;;
;;;;;;;;;;;;;;;;
;;;;;;;;;;;;;;;;
;;;;;;;;;;;;;;;;
;;;;;;;;;;;;;;;;
;;;;;;;;;;;;;;;;
;;;;;;;;;;;;;;;;
;;;;;;;;;;;;;;;;
;;;;;;;;;;;;;;;;
;;;;;;;;;;;;;;;;
;;;;;;;;;;;;;;;;
;;;;;;;;;;;;;;;;
;;;;;;;;;;;;;;;;
;;;;;;;;;;;;;;;;
;;;;;;;;;;;;;;;;
;;;;;;;;;;;;;;;;
;;;;;;;;;;;;;;;;
;;;;;;;;;;;;;;;;
;;;;;;;;;;;;;;;;
;;;;;;;;;;;;;;;;
;;;;;;;;;;;;;;;;
;;;;;;;;;;;;;;;;
;;;;;;;;;;;;;;;;
;;;;;;;;;;;;;;;;
;;;;;;;;;;;;;;;;
;;;;;;;;;;;;;;;;
;;;;;;;;;;;;;;;;
;;;;;;;;;;;;;;;;
;;;;;;;;;;;;;;;;
;;;;;;;;;;;;;;;;
;;;;;;;;;;;;;;;;
;;;;;;;;;;;;;;;;
;;;;;;;;;;;;;;;;
;;;;;;;;;;;;;;;;
;;;;;;;;;;;;;;;;
;;;;;;;;;;;;;;;;
;;;;;;;;;;;;;;;;
;;;;;;;;;;;;;;;;
;;;;;;;;;;;;;;;;
;;;;;;;;;;;;;;;;
;;;;;;;;;;;;;;;;
;;;;;;;;;;;;;;;;
;;;;;;;;;;;;;;;;
;;;;;;;;;;;;;;;;
;;;;;;;;;;;;;;;;
;;;;;;;;;;;;;;;;
;;;;;;;;;;;;;;;;
;;;;;;;;;;;;;;;;
;;;;;;;;;;;;;;;;
;;;;;;;;;;;;;;;;
;;;;;;;;;;;;;;;;
;;;;;;;;;;;;;;;;
;;;;;;;;;;;;;;;;
;;;;;;;;;;;;;;;;
;;;;;;;;;;;;;;;;
;;;;;;;;;;;;;;;;
;;;;;;;;;;;;;;;;
;;;;;;;;;;;;;;;;
;;;;;;;;;;;;;;;;
;;;;;;;;;;;;;;;;
;;;;;;;;;;;;;;;;
;;;;;;;;;;;;;;;;
;;;;;;;;;;;;;;;;
;;;;;;;;;;;;;;;;
;;;;;;;;;;;;;;;;
;;;;;;;;;;;;;;;;
;;;;;;;;;;;;;;;;
;;;;;;;;;;;;;;;;
;;;;;;;;;;;;;;;;
;;;;;;;;;;;;;;;;
;;;;;;;;;;;;;;;;
;;;;;;;;;;;;;;;;
;;;;;;;;;;;;;;;;
;;;;;;;;;;;;;;;;
;;;;;;;;;;;;;;;;
;;;;;;;;;;;;;;;;
;;;;;;;;;;;;;;;;
;;;;;;;;;;;;;;;;
;;;;;;;;;;;;;;;;
;;;;;;;;;;;;;;;;
;;;;;;;;;;;;;;;;
;;;;;;;;;;;;;;;;
;;;;;;;;;;;;;;;;
;;;;;;;;;;;;;;;;
;;;;;;;;;;;;;;;;
;;;;;;;;;;;;;;;;
;;;;;;;;;;;;;;;;
;;;;;;;;;;;;;;;;
;;;;;;;;;;;;;;;;
;;;;;;;;;;;;;;;;
;;;;;;;;;;;;;;;;
;;;;;;;;;;;;;;;;
;;;;;;;;;;;;;;;;
;;;;;;;;;;;;;;;;
;;;;;;;;;;;;;;;;
;;;;;;;;;;;;;;;;
;;;;;;;;;;;;;;;;
;;;;;;;;;;;;;;;;
;;;;;;;;;;;;;;;;
;;;;;;;;;;;;;;;;
;;;;;;;;;;;;;;;;
;;;;;;;;;;;;;;;;
;;;;;;;;;;;;;;;;
;;;;;;;;;;;;;;;;
;;;;;;;;;;;;;;;;
;;;;;;;;;;;;;;;;
;;;;;;;;;;;;;;;;
;;;;;;;;;;;;;;;;
;;;;;;;;;;;;;;;;
;;;;;;;;;;;;;;;;
;;;;;;;;;;;;;;;;
;;;;;;;;;;;;;;;;
;;;;;;;;;;;;;;;;
;;;;;;;;;;;;;;;;
;;;;;;;;;;;;;;;;
;;;;;;;;;;;;;;;;
;;;;;;;;;;;;;;;;
;;;;;;;;;;;;;;;;
;;;;;;;;;;;;;;;;
;;;;;;;;;;;;;;;;
;;;;;;;;;;;;;;;;
;;;;;;;;;;;;;;;;
;;;;;;;;;;;;;;;;
;;;;;;;;;;;;;;;;
;;;;;;;;;;;;;;;;
;;;;;;;;;;;;;;;;
;;;;;;;;;;;;;;;;
;;;;;;;;;;;;;;;;
;;;;;;;;;;;;;;;;
;;;;;;;;;;;;;;;;
;;;;;;;;;;;;;;;;
;;;;;;;;;;;;;;;;
;;;;;;;;;;;;;;;;
;;;;;;;;;;;;;;;;
;;;;;;;;;;;;;;;;
;;;;;;;;;;;;;;;;
;;;;;;;;;;;;;;;;
;;;;;;;;;;;;;;;;
;;;;;;;;;;;;;;;;
;;;;;;;;;;;;;;;;
;;;;;;;;;;;;;;;;
;;;;;;;;;;;;;;;;
;;;;;;;;;;;;;;;;
;;;;;;;;;;;;;;;;
;;;;;;;;;;;;;;;;
;;;;;;;;;;;;;;;;
;;;;;;;;;;;;;;;;
;;;;;;;;;;;;;;;;
;;;;;;;;;;;;;;;;
;;;;;;;;;;;;;;;;
;;;;;;;;;;;;;;;;
;;;;;;;;;;;;;;;;
;;;;;;;;;;;;;;;;
;;;;;;;;;;;;;;;;
;;;;;;;;;;;;;;;;
;;;;;;;;;;;;;;;;
;;;;;;;;;;;;;;;;
;;;;;;;;;;;;;;;;
;;;;;;;;;;;;;;;;
;;;;;;;;;;;;;;;;
;;;;;;;;;;;;;;;;
;;;;;;;;;;;;;;;;
;;;;;;;;;;;;;;;;
;;;;;;;;;;;;;;;;
;;;;;;;;;;;;;;;;
;;;;;;;;;;;;;;;;
;;;;;;;;;;;;;;;;
;;;;;;;;;;;;;;;;
;;;;;;;;;;;;;;;;
;;;;;;;;;;;;;;;;
;;;;;;;;;;;;;;;;
;;;;;;;;;;;;;;;;
;;;;;;;;;;;;;;;;
;;;;;;;;;;;;;;;;
;;;;;;;;;;;;;;;;
;;;;;;;;;;;;;;;;
;;;;;;;;;;;;;;;;
;;;;;;;;;;;;;;;;
;;;;;;;;;;;;;;;;
;;;;;;;;;;;;;;;;
;;;;;;;;;;;;;;;;
;;;;;;;;;;;;;;;;
;;;;;;;;;;;;;;;;
;;;;;;;;;;;;;;;;
;;;;;;;;;;;;;;;;
;;;;;;;;;;;;;;;;
;;;;;;;;;;;;;;;;
;;;;;;;;;;;;;;;;
;;;;;;;;;;;;;;;;
;;;;;;;;;;;;;;;;
;;;;;;;;;;;;;;;;
;;;;;;;;;;;;;;;;
;;;;;;;;;;;;;;;;
;;;;;;;;;;;;;;;;
;;;;;;;;;;;;;;;;
;;;;;;;;;;;;;;;;
;;;;;;;;;;;;;;;;
;;;;;;;;;;;;;;;;
;;;;;;;;;;;;;;;;
;;;;;;;;;;;;;;;;
;;;;;;;;;;;;;;;;
;;;;;;;;;;;;;;;;
;;;;;;;;;;;;;;;;
;;;;;;;;;;;;;;;;
;;;;;;;;;;;;;;;;
;;;;;;;;;;;;;;;;
;;;;;;;;;;;;;;;;
;;;;;;;;;;;;;;;;
;;;;;;;;;;;;;;;;
;;;;;;;;;;;;;;;;
;;;;;;;;;;;;;;;;
;;;;;;;;;;;;;;;;
;;;;;;;;;;;;;;;;
;;;;;;;;;;;;;;;;
;;;;;;;;;;;;;;;;
;;;;;;;;;;;;;;;;
;;;;;;;;;;;;;;;;
;;;;;;;;;;;;;;;;
;;;;;;;;;;;;;;;;
;;;;;;;;;;;;;;;;
;;;;;;;;;;;;;;;;
;;;;;;;;;;;;;;;;
;;;;;;;;;;;;;;;;
;;;;;;;;;;;;;;;;
;;;;;;;;;;;;;;;;
;;;;;;;;;;;;;;;;
;;;;;;;;;;;;;;;;
;;;;;;;;;;;;;;;;
;;;;;;;;;;;;;;;;
;;;;;;;;;;;;;;;;
;;;;;;;;;;;;;;;;
;;;;;;;;;;;;;;;;
;;;;;;;;;;;;;;;;
;;;;;;;;;;;;;;;;
;;;;;;;;;;;;;;;;
;;;;;;;;;;;;;;;;
;;;;;;;;;;;;;;;;
;;;;;;;;;;;;;;;;
;;;;;;;;;;;;;;;;
;;;;;;;;;;;;;;;;
;;;;;;;;;;;;;;;;
;;;;;;;;;;;;;;;;
;;;;;;;;;;;;;;;;
;;;;;;;;;;;;;;;;
;;;;;;;;;;;;;;;;
;;;;;;;;;;;;;;;;
;;;;;;;;;;;;;;;;
;;;;;;;;;;;;;;;;
;;;;;;;;;;;;;;;;
;;;;;;;;;;;;;;;;
;;;;;;;;;;;;;;;;
;;;;;;;;;;;;;;;;
;;;;;;;;;;;;;;;;
;;;;;;;;;;;;;;;;
;;;;;;;;;;;;;;;;
;;;;;;;;;;;;;;;;
;;;;;;;;;;;;;;;;
;;;;;;;;;;;;;;;;
;;;;;;;;;;;;;;;;
;;;;;;;;;;;;;;;;
;;;;;;;;;;;;;;;;
;;;;;;;;;;;;;;;;
;;;;;;;;;;;;;;;;
;;;;;;;;;;;;;;;;
;;;;;;;;;;;;;;;;
;;;;;;;;;;;;;;;;
;;;;;;;;;;;;;;;;
;;;;;;;;;;;;;;;;
;;;;;;;;;;;;;;;;
;;;;;;;;;;;;;;;;
;;;;;;;;;;;;;;;;
;;;;;;;;;;;;;;;;
;;;;;;;;;;;;;;;;
;;;;;;;;;;;;;;;;
;;;;;;;;;;;;;;;;
;;;;;;;;;;;;;;;;
;;;;;;;;;;;;;;;;
;;;;;;;;;;;;;;;;
;;;;;;;;;;;;;;;;
;;;;;;;;;;;;;;;;
;;;;;;;;;;;;;;;;
;;;;;;;;;;;;;;;;
;;;;;;;;;;;;;;;;
;;;;;;;;;;;;;;;;
;;;;;;;;;;;;;;;;
;;;;;;;;;;;;;;;;
;;;;;;;;;;;;;;;;
;;;;;;;;;;;;;;;;
;;;;;;;;;;;;;;;;
;;;;;;;;;;;;;;;;
;;;;;;;;;;;;;;;;
;;;;;;;;;;;;;;;;
;;;;;;;;;;;;;;;;
;;;;;;;;;;;;;;;;
;;;;;;;;;;;;;;;;
;;;;;;;;;;;;;;;;
;;;;;;;;;;;;;;;;
;;;;;;;;;;;;;;;;
;;;;;;;;;;;;;;;;
;;;;;;;;;;;;;;;;
;;;;;;;;;;;;;;;;
;;;;;;;;;;;;;;;;
;;;;;;;;;;;;;;;;
;;;;;;;;;;;;;;;;
;;;;;;;;;;;;;;;;
;;;;;;;;;;;;;;;;
;;;;;;;;;;;;;;;;
;;;;;;;;;;;;;;;;
;;;;;;;;;;;;;;;;
;;;;;;;;;;;;;;;;
;;;;;;;;;;;;;;;;
;;;;;;;;;;;;;;;;
;;;;;;;;;;;;;;;;
;;;;;;;;;;;;;;;;
;;;;;;;;;;;;;;;;
;;;;;;;;;;;;;;;;
;;;;;;;;;;;;;;;;
;;;;;;;;;;;;;;;;
;;;;;;;;;;;;;;;;
;;;;;;;;;;;;;;;;
;;;;;;;;;;;;;;;;
;;;;;;;;;;;;;;;;
;;;;;;;;;;;;;;;;
;;;;;;;;;;;;;;;;
;;;;;;;;;;;;;;;;
;;;;;;;;;;;;;;;;
;;;;;;;;;;;;;;;;
;;;;;;;;;;;;;;;;
;;;;;;;;;;;;;;;;
;;;;;;;;;;;;;;;;
;;;;;;;;;;;;;;;;
;;;;;;;;;;;;;;;;
;;;;;;;;;;;;;;;;
;;;;;;;;;;;;;;;;
;;;;;;;;;;;;;;;;
;;;;;;;;;;;;;;;;
;;;;;;;;;;;;;;;;
;;;;;;;;;;;;;;;;
;;;;;;;;;;;;;;;;
;;;;;;;;;;;;;;;;
;;;;;;;;;;;;;;;;
;;;;;;;;;;;;;;;;
;;;;;;;;;;;;;;;;
;;;;;;;;;;;;;;;;
;;;;;;;;;;;;;;;;
;;;;;;;;;;;;;;;;
;;;;;;;;;;;;;;;;
;;;;;;;;;;;;;;;;
;;;;;;;;;;;;;;;;
;;;;;;;;;;;;;;;;
;;;;;;;;;;;;;;;;
;;;;;;;;;;;;;;;;
;;;;;;;;;;;;;;;;
;;;;;;;;;;;;;;;;
;;;;;;;;;;;;;;;;
;;;;;;;;;;;;;;;;
;;;;;;;;;;;;;;;;
;;;;;;;;;;;;;;;;
;;;;;;;;;;;;;;;;
;;;;;;;;;;;;;;;;
;;;;;;;;;;;;;;;;
;;;;;;;;;;;;;;;;
;;;;;;;;;;;;;;;;
;;;;;;;;;;;;;;;;
;;;;;;;;;;;;;;;;
;;;;;;;;;;;;;;;;
;;;;;;;;;;;;;;;;
;;;;;;;;;;;;;;;;
;;;;;;;;;;;;;;;;
;;;;;;;;;;;;;;;;
;;;;;;;;;;;;;;;;
;;;;;;;;;;;;;;;;
;;;;;;;;;;;;;;;;
;;;;;;;;;;;;;;;;
;;;;;;;;;;;;;;;;
;;;;;;;;;;;;;;;;
;;;;;;;;;;;;;;;;
;;;;;;;;;;;;;;;;
;;;;;;;;;;;;;;;;
;;;;;;;;;;;;;;;;
;;;;;;;;;;;;;;;;
;;;;;;;;;;;;;;;;
;;;;;;;;;;;;;;;;
;;;;;;;;;;;;;;;;
;;;;;;;;;;;;;;;;
;;;;;;;;;;;;;;;;
;;;;;;;;;;;;;;;;
;;;;;;;;;;;;;;;;
;;;;;;;;;;;;;;;;
;;;;;;;;;;;;;;;;
;;;;;;;;;;;;;;;;
;;;;;;;;;;;;;;;;
;;;;;;;;;;;;;;;;
;;;;;;;;;;;;;;;;
;;;;;;;;;;;;;;;;
;;;;;;;;;;;;;;;;
;;;;;;;;;;;;;;;;
;;;;;;;;;;;;;;;;
;;;;;;;;;;;;;;;;
;;;;;;;;;;;;;;;;
;;;;;;;;;;;;;;;;
;;;;;;;;;;;;;;;;
;;;;;;;;;;;;;;;;
;;;;;;;;;;;;;;;;
;;;;;;;;;;;;;;;;
;;;;;;;;;;;;;;;;
;;;;;;;;;;;;;;;;
;;;;;;;;;;;;;;;;
;;;;;;;;;;;;;;;;
;;;;;;;;;;;;;;;;
;;;;;;;;;;;;;;;;
;;;;;;;;;;;;;;;;
;;;;;;;;;;;;;;;;
;;;;;;;;;;;;;;;;
;;;;;;;;;;;;;;;;
;;;;;;;;;;;;;;;;
;;;;;;;;;;;;;;;;
;;;;;;;;;;;;;;;;
;;;;;;;;;;;;;;;;
;;;;;;;;;;;;;;;;
;;;;;;;;;;;;;;;;
;;;;;;;;;;;;;;;;
;;;;;;;;;;;;;;;;
;;;;;;;;;;;;;;;;
;;;;;;;;;;;;;;;;
;;;;;;;;;;;;;;;;
;;;;;;;;;;;;;;;;
;;;;;;;;;;;;;;;;
;;;;;;;;;;;;;;;;
;;;;;;;;;;;;;;;;
;;;;;;;;;;;;;;;;
;;;;;;;;;;;;;;;;
;;;;;;;;;;;;;;;;
;;;;;;;;;;;;;;;;
;;;;;;;;;;;;;;;;
;;;;;;;;;;;;;;;;
;;;;;;;;;;;;;;;;
;;;;;;;;;;;;;;;;
;;;;;;;;;;;;;;;;
;;;;;;;;;;;;;;;;
;;;;;;;;;;;;;;;;
;;;;;;;;;;;;;;;;
;;;;;;;;;;;;;;;;
;;;;;;;;;;;;;;;;
;;;;;;;;;;;;;;;;
;;;;;;;;;;;;;;;;
;;;;;;;;;;;;;;;;
;;;;;;;;;;;;;;;;
;;;;;;;;;;;;;;;;
;;;;;;;;;;;;;;;;
;;;;;;;;;;;;;;;;
;;;;;;;;;;;;;;;;
;;;;;;;;;;;;;;;;
;;;;;;;;;;;;;;;;
;;;;;;;;;;;;;;;;
;;;;;;;;;;;;;;;;
;;;;;;;;;;;;;;;;
;;;;;;;;;;;;;;;;
;;;;;;;;;;;;;;;;
;;;;;;;;;;;;;;;;
;;;;;;;;;;;;;;;;
;;;;;;;;;;;;;;;;
;;;;;;;;;;;;;;;;
;;;;;;;;;;;;;;;;
;;;;;;;;;;;;;;;;
;;;;;;;;;;;;;;;;
;;;;;;;;;;;;;;;;
;;;;;;;;;;;;;;;;
;;;;;;;;;;;;;;;;
;;;;;;;;;;;;;;;;
;;;;;;;;;;;;;;;;
;;;;;;;;;;;;;;;;